id,type,category,text,url,label_ice_related
1,ICE Related (Uncategorized),News; Political Commentary,NEWSWEEK: ‚ÄúChinese immigrant found hanging in ICE detention with his hands and feet tied behind him‚Ä¶ Chaofeng Ge died 4 days after entering ICE custody in Pennsylvania‚Ä¶ deaths in ICE custody have gone up under Trump‚Ä¶,https://bsky.app/profile/thetnholler.bsky.social/post/3m62vby6w222w,1
2,ICE Related (Uncategorized),News; ICE Raid Report; Legal Case,"Keep this story in the news.

""Man Detained by ICE Found Dead, Hanging With Hands and Feet Tied‚ÄîAttorney""",https://bsky.app/profile/wajali.bsky.social/post/3m65svo6opc26,1
3,ICE Related (Uncategorized),General ICE Content,truthout.org/articles/ice...,https://bsky.app/profile/prisonculture.bsky.social/post/3m5znwhv6mk27,1
4,ICE Related (Uncategorized),Fear-mongering,"Feds now claim a ""system crash"" that happened immediately after ICE was sued is the reason why 10 days of footage from inside the Broadview Detention Center has been lost. ",https://bsky.app/profile/jasonkoebler.bsky.social/post/3m63jmoomj22e,1
5,ICE Related (Uncategorized),News,www.foxnews.com/politics/ice...,https://bsky.app/profile/facefactsnotlies.bsky.social/post/3m64d75uyls2j,1
6,ICE Related (Uncategorized),News,"NEWS: European advocates launch ""Wikipedia of ICE agents"" to expose enforcement network",https://bsky.app/profile/pabloreports.bsky.social/post/3m63ewwbbws2f,1
7,ICE Related (Uncategorized),Political Commentary,"If you need ANY more reasons not to let Trump's ICE agents into your businesses, homes, or automobiles, Trump's ICE agents have been caught raping and sex trafficking children at Trump's ICE facilities. 

Birds of a feather",https://bsky.app/profile/thesgtjoker.bsky.social/post/3m5yttosxys24,1
8,ICE Related (Uncategorized),General ICE Content,"30,000 students in Charlotte walk out to protect ICE. ",https://bsky.app/profile/clarajeffery.bsky.social/post/3m63sftudtk2i,1
9,ICE Related (Uncategorized),General ICE Content,"ICE‚Äôs Detention Center outside Chicago was sued on October 30 for allegedly abusing detainees. One day later, a ""system crash"" lost all video footage that could have shown how detainees were being treated.",https://bsky.app/profile/newrepublic.com/post/3m63ypaei3g2x,1
10,ICE Related (Uncategorized),News; Legal Case,"#BREAKING: A student intern at Rhode Island Superior Court was briefly taken into custody by ICE this afternoon before a judge intervened, 12 News has learned. Story by 
@jusolyn.bsky.social
 and 
@timwhiteri.bsky.social
: ‚§µÔ∏è",https://bsky.app/profile/wpri12.bsky.social/post/3m63u6gfavp2d,1
11,ICE Related (Uncategorized),General ICE Content,ICE loves to smash windows because it‚Äôs Kristallnacht cosplay.,https://bsky.app/profile/tyrannosaurid.bsky.social/post/3m65rhb54bk2k,1
12,ICE Related (Uncategorized),General ICE Content,"ESQUIRE: ‚ÄúICE is hiring literally anybody, and it‚Äôs terrifying‚Ä¶ people who flunk the exam, criminal records‚Ä¶ yet they‚Äôre allowed to tear children from their beds at night.‚Äù",https://bsky.app/profile/thetnholler.bsky.social/post/3m5zymo7fl22w,1
13,Not ICE Related (Uncategorized),General ICE Content,Finn finds ice cubes fascinating,https://bsky.app/profile/weskrantz.bsky.social/post/3m5vi4bvdrk24,0
14,ICE Related (Uncategorized),News,"After more than two months with no updates, ICE has finally released new detention statistics.

ICE reports a total of 65,135 detainees as of Nov. 16, 2025. ",https://bsky.app/profile/adamjst.bsky.social/post/3m65aqejk4k2a,1
15,Not ICE Related (Uncategorized),General ICE Content,"Shaved Ice DayüçßÔºà7/25Ôºâ
#KungFuPanda #LordShen #BossWolf #Soothsayer",https://bsky.app/profile/pla0net5lai8ka.bsky.social/post/3m5qdz67pkc2e,0
16,Not ICE Related (Uncategorized),General ICE Content,"gacha.o0o0.jp/gp/archives/...
„ÄéÂñ´Ëå∂Â∫ó„ÅÆ„Åã„ÅçÊ∞∑„Éû„Çπ„Ç≥„ÉÉ„Éà„ÄèÁô∫Â£≤„ÄÇ„É¨„Éà„É≠„Åß„Åã„Çè„ÅÑ„ÅÑ„ÄÅÊâã„ÅÆ„Å≤„Çâ„Çµ„Ç§„Ç∫„ÅÆ„Åã„ÅçÊ∞∑„ÄÇ
""Coffee Shop Shaved Ice Mascot"" released. Retro and cute palm-sized shaved ice.
#„Ç¨„ÉÅ„É£„Éù„É≥ #gachapon",https://bsky.app/profile/randomgacha.bsky.social/post/3m5ajm2rlm72f,0
17,Not ICE Related (Uncategorized),General ICE Content,"gacha.o0o0.jp/gp/archives/...
„ÄéÂêçÂ∫ó„Åã„ÅçÊ∞∑ „Éü„Éã„ÉÅ„É•„Ç¢„Ç≥„É¨„ÇØ„Ç∑„Éß„É≥ Á¨¨2Âºæ„ÄèÁô∫Â£≤„ÄÇÊó•Êú¨„ÅßÊúâÂêç„Å™„ÅäÂ∫ó„ÅÆ„ÄÅÂÄãÊÄßË±ä„Åã„Å™„Åã„ÅçÊ∞∑„Åå„Éü„Éã„ÉÅ„É•„Ç¢„Éï„Ç£„ÇÆ„É•„Ç¢„Å´„Å™„Å£„Å¶ÁôªÂ†¥ÔºÅ
""Famous Shaved Ice Miniature Collection Vol. 2"" now on sale. Unique shaved ice from famous Japanese shops has been turned into miniature figures!
#„Ç¨„ÉÅ„É£„Éù„É≥ #gachapon",https://bsky.app/profile/randomgacha.bsky.social/post/3m3ug3r2glb2e,0
18,ICE Related (Uncategorized),General ICE Content,Scooter-riding US veteran describes chasing ICE agents in campaign to smash morale - Raw Story www.rawstory.com/ice-agents-2...,https://bsky.app/profile/knittingknots.bsky.social/post/3m63by22um22s,1
19,ICE Related (Uncategorized),News; Legal Case,"""A Chinese immigrant was found dead in U.S. Immigration and Customs Enforcement (ICE) detention, with his hands and feet tied behind him, an attorney has alleged.""

www.newsweek.com/ice-detainee...",https://bsky.app/profile/olufemiotaiwo.bsky.social/post/3m5zp4cv54k2p,1
20,Not ICE Related (Uncategorized),News,"Three years ago this week. There was ice - and foxes! - on the river. Still waiting for the ice - and foxes! 
#mammals üåø",https://bsky.app/profile/saskajanet.bsky.social/post/3m5x3enpyik2t,0
21,ICE Related (Uncategorized),News,"GET OUT ICE!
ABOLISH ICE!

Federal immigration crackdown ends in Charlotte, North Carolina, sheriff says www.yahoo.com/news/article... via 
@yahoonews.com",https://bsky.app/profile/tallyannae.bsky.social/post/3m63ig2focs2n,1
22,ICE Related (Uncategorized),General ICE Content,"NEW: a contractor is paying random people $300 to physically track immigrants for ICE. They're given addresses, vehicles, told to monitor the target. That information then goes back up to ICE. These are not licensed private investigators; members of the public

www.404media.co/contractor-p...",https://bsky.app/profile/404media.co/post/3m5w4ua26ek2t,1
23,Not ICE Related (Uncategorized),General ICE Content,"#ffxiv 
Ï∫êÎ™®ÎßàÏùº (ICE/HOT)Ìã∞Îûë Ïª§ÌîºÏø†ÌÇ§ Î®πÎäî Î¶∞Í∞ÄÏù¥ÏïÑ",https://bsky.app/profile/ff14hi0x07.bsky.social/post/3m5zgvdnd5s2x,0
24,ICE Related (Uncategorized),News,Sounds like he thought he had a get out of jail free card on the underage sex charge since he was ICE  www.cbsnews.com/minnesota/ne...,https://bsky.app/profile/joshtpm.bsky.social/post/3m5x3vpritk2o,1
25,ICE Related (Uncategorized),Political Commentary,"NEW: Federal prison workers are jumping ship & heading to ICE for better pay + bonuses. Already BOP lost >1400 people this year, reversing all of 2024‚Äôs staffing gains. It‚Äôs an unintended consequence of Trump‚Äôs push for mass deportations

My 1st for 
@propublica.org

www.propublica.org/article/ice-...",https://bsky.app/profile/keribla.bsky.social/post/3m65wjuqbms2k,1
26,ICE Related (Uncategorized),General ICE Content,ICE is targeting students and their families. youtu.be/ONzFD7MtCNw?...,https://bsky.app/profile/hooladog.bsky.social/post/3m665im7irs2d,1
27,ICE Related (Uncategorized),Legal Case,"Disquieting horror': NYT analyst exposes how ICE has 'shattered' lives of legal residents

www.rawstory.com/ice-26743321...",https://bsky.app/profile/jonrosenalinegrunt.bsky.social/post/3m665i6hjok2t,1
28,Not ICE Related (Uncategorized),Unknown,"‚Äú.. After the new issuance, Oracle‚Äôs outstanding debt load surpassed $100 billion, making it the most indebted big tech company with an investment-grade rating.‚Äù

@wsj.com
 $ORCL 
www.wsj.com/tech/oracle-...",https://bsky.app/profile/carlquintanilla.bsky.social/post/3m62sctias22g,0
29,Not ICE Related (Uncategorized),News,"Elon Musk's Grokipedia cites a neo-Nazi website 42 times, researchers say www.nbcnews.com/tech/elon-mu...",https://bsky.app/profile/eliothiggins.bsky.social/post/3m6324phsgs2b,0
30,Not ICE Related (Uncategorized),Unknown,"This is probably the most tone deaf question of the year from a tech exec.
",https://bsky.app/profile/carnage4life.bsky.social/post/3m64d6d4u4c2k,0
31,Not ICE Related (Uncategorized),News,"A new report shows that more than 40% of New York City families can't afford their food costs.

The Poverty Tracker Report also shows that one in three adults in New York City doesn't have enough money for food.

robinhood.org/wp-content/u...",https://bsky.app/profile/moreperfectunion.bsky.social/post/3m65nfnyw622q,0
32,Not ICE Related (Uncategorized),Political Commentary,"Zohran Mamdani, the mayor-elect of New York City, will meet with President Trump on Friday. The stakes are high for the city.

Here's what to know: nyti.ms/4iiVHNe",https://bsky.app/profile/nytimes.com/post/3m654iaufnu2w,0
33,ICE Related (Uncategorized),Political Commentary,"ICE operations ramping up in New York City, Donald Trump's border czar announces",https://bsky.app/profile/iwillnotbesilenced.bsky.social/post/3m5yof22w6226,1
34,Not ICE Related (Uncategorized),News; Legal Case,"This piece normalizes the ‚Äútemperamental president‚Äù and his threats to engage in extralegal punishment against New York City. 
www.politico.com/news/2025/11...",https://bsky.app/profile/larryglickman.bsky.social/post/3m65epl2sk224,0
35,Not ICE Related (Uncategorized),Unknown,Government ordered to resume deportation protection program for vulnerable immigrant youth,https://bsky.app/profile/the-independent.com/post/3m64iudiz2i2x,0
36,Not ICE Related (Uncategorized),Legal Case,"üö®A newly uncovered document flagged last week in a federal court filing threatens undocumented immigrant children in government custody with ‚Äúprolonged‚Äù detention if they choose to exercise their legal rights rather than voluntarily depart the United States.

www.huffpost.com/entry/docume...",https://bsky.app/profile/mattshuham.bsky.social/post/3m62wm2qcfc2r,0
37,ICE Related (Uncategorized),News,"Described as worse than prison, the conditions at the largest ICE detention facility in CA are inhumane. With the lives of detainees at stake, KVP has joined Prison Law Office, the ACLU, and the California Collaborative for Immigrant Justice in filing a class action: www.keker.com/news/news-it...",https://bsky.app/profile/kekerllp.bsky.social/post/3m63zzaabrs23,1
38,ICE Related (Uncategorized),General ICE Content,"A Chinese immigrant named
Chaofeng Ge died in ICE custody. 

He was found hanging with his hands and feet tied behind him in the ‚Äúhog tie‚Äù position.

Deaths within these camps continue to rise, with more people dying in the last nine months than in the entire previous four years. 

Abolish ICE",https://bsky.app/profile/broadwaybabyto.bsky.social/post/3m5zrhz6hus2n,1
39,Not ICE Related (Uncategorized),Legal Case,"A federal judge dismissed the federal government's baseless lawsuit challenging New York‚Äôs Protect Our Courts Act.

My office will continue fighting to defend the dignity and rights of immigrant communities throughout New York.",https://bsky.app/profile/newyorkstateag.bsky.social/post/3m5z2n7dmbc2u,0
40,ICE Related (Uncategorized),ICE Raid Report,Most of the other shops on Charlotte‚Äôs busy immigrant-centric street have closed to prevent their staff from being targeted by ICE raids.,https://bsky.app/profile/us.theguardian.com/post/3m63uu56hd427,1
41,Not ICE Related (Uncategorized),News; Political Commentary,"The US accidentally invaded Mexico on Monday, storming a beach and planting DoD ‚Äúrestricted area‚Äù signs claiming the land for ‚Äúthe commander,‚Äù triggering a standoff w/ armed Mexican security forces, all because Trump‚Äôs government can‚Äôt even identify a border on a map

www.cbsnews.com/news/warning...
",https://bsky.app/profile/greatunclebob.bsky.social/post/3m63u6lkalc2s,0
42,Not ICE Related (Uncategorized),Unknown,"DHS Secretary Kristi Noem gave her friends a $220 million government contract to make anti-immigrant ads.

It doesn't get more corrupt than this.",https://bsky.app/profile/endcitizensunited.bsky.social/post/3m5wfm3bkmk22,0
43,ICE Related (Uncategorized),Unknown,"Federal Border Patrol agents arrested 81 people in immigrant neighborhoods across the Charlotte, North Carolina, area on Saturday. An immigrant rights group said it was the largest single-day tally for immigrant arrests in the state‚Äôs recent history.",https://bsky.app/profile/nytimes.com/post/3m5rizk5zu52l,1
44,ICE Related (Uncategorized),ICE Raid Report,Most of the other shops on Charlotte‚Äôs busy immigrant-centric street have closed to prevent their staff from being targeted by ICE raids.,https://bsky.app/profile/us.theguardian.com/post/3m63uu56hd427,1
45,ICE Related (Uncategorized),ICE Raid Report,"ICE-style raids on Britain‚Äôs streets: that‚Äôs all Labour‚Äôs brutal asylum reforms will achieve
Stella Creasy 

www.theguardian.com/commentisfre...",https://bsky.app/profile/peterstefanovic.bsky.social/post/3m5t24gzlvk2r,1
46,ICE Related (Uncategorized),ICE Raid Report,"ICE raids are rising, and Seattle says SPD cannot help. Advocates call Harrell‚Äôs order mostly symbolic, so the council is pushing SPD to spell out how officers will respond, what they can refuse, and how they will protect residents if federal agents overreach.",https://bsky.app/profile/thestranger.com/post/3m63ner3goc2s,1
47,ICE Related (Uncategorized),News; ICE Raid Report,"Several Chicago newsrooms have been quietly collaborating to bring big ICE stories to the forefront.

In this story today, we found that feds used chemical weapons on Chicagoans at least 49 times during immigration raids ‚Äî even after a judge said to stop.",https://bsky.app/profile/slulay2.bsky.social/post/3m5yyo5o2mc2i,1
48,Not ICE Related (Uncategorized),Unknown,The DHS blamed immigrants for a number of problems known to be caused by outside economic factors. ,https://bsky.app/profile/forbes.com/post/3m63rltsikc2z,0
49,ICE Related (Uncategorized),Legal Case,"Mississippi Gov. Tate Reeves supports terrorism. Period. 

ICE arrest U.S. citizens and legal immigrants without warrant, without evidence, without proof. Just racial profiling. They will bring violence and terror. 

If people you love start going missing, be sure to reach out to Gov. Tate Reeves.
",https://bsky.app/profile/jlareebarnes.bsky.social/post/3m65y44mp622t,1
50,ICE Related (Uncategorized),News; Legal Case; Political Commentary,"In Trump's America Immigrants are or are becoming what the Jews were in Hitler's Germany. 

‚ÄòThe System Is Meant to Break You‚Äô: What ICE Is Doing to People Here Legally www.nytimes.com/2025/11/21/o...",https://bsky.app/profile/oldcjwilson.bsky.social/post/3m65rpdzfwk2p,1
51,ICE Related (Uncategorized),Political Commentary,"Trump's DOJ confirmed 97.4% of people ICE has been arresting in Chicago have no criminal record whatsoever. 

The state is using its power to terrorize a community. Worst of all, Chicago is not an isolated example and these abuses are not stopping at U.S. borders.
www.qasimrashid.com/p/trumps-ice...",https://bsky.app/profile/qasimrashid.com/post/3m5vzgojmxc24,1
52,ICE Related (Uncategorized),Legal Case,"Confirmed: ICE Is Arresting American Citizens‚Äîand Lying About It

A government that flouts the Fourth Amendment and then lies about it to courts and the people has crossed a moral and legal frontier.",https://bsky.app/profile/iwillnotbesilenced.bsky.social/post/3m527qax4p22h,1
53,ICE Related (Uncategorized),Legal Case,Federal judge: ‚ÄòClear evidence‚Äô shows ICE violates law on warrantless arrests repeatedly observed Friday that the evidence from a 2-day hearing strongly suggested immigration agents have been arresting people without warrants in CO in violation of federal law www.coloradopolitics.com/2025/10/31/f...,https://bsky.app/profile/kvconner.bsky.social/post/3m4q75yzykk2e,1
54,ICE Related (Uncategorized),General ICE Content,"Today in ICE malfeasance in Chicago. Ruining Halloween activities and arresting three people  

www.reddit.com/r/chicago/s/...",https://bsky.app/profile/terilg.bsky.social/post/3m423n7y2w222,1
55,ICE Related (Uncategorized),General ICE Content,"Nazis hate the disabled.

Such an apt analogy of the current state of things right now. A blind man gets arrested for crossing a line he couldn't see while the people arresting him are crossing lines with there eyes wide open....

ICE Agent ""we can't pick him up so just drag him on the face.""
",https://bsky.app/profile/murderedbybluesky.bsky.social/post/3m3vgdnidzc2b,1
56,ICE Related (Uncategorized),News; ICE Raid Report; Legal Case,"A federal court in Chicago has ordered sweeping new limits on U.S. Immigration and Customs Enforcement (ICE) operations in the Midwest, ruling that agents repeatedly violated federal law and a binding consent decree by arresting people without warrants.

www.msn.com/en-us/news/o...",https://bsky.app/profile/vrfant1.bsky.social/post/3m3uf2vy6dk2w,1
57,ICE Related (Uncategorized),General ICE Content,"@newyorker.com
 quotes NIJC's Mark Fleming on our recent litigation victory prohibiting ICE from arresting people without warrants or probable cause in parts of the Midwest. Read more about how the Chicago community is defending due process & our neighbors:",https://bsky.app/profile/immigrantjustice.bsky.social/post/3m3ut7sn2tu2j,1
58,ICE Related (Uncategorized),ICE Raid Report; Legal Case,"‚ÄúThey‚Äôre only arresting illegals‚Äù

Over 170 U.S. citizens have been detained by ICE.

At least 19 people have died in ICE custody.

At least 1300 are missing or unaccounted for.

If what ICE was doing was legal or moral, then they wouldn‚Äôt wear masks.",https://bsky.app/profile/darrigomelanie.bsky.social/post/3m3dcimyhxs2x,1
59,ICE Related (Uncategorized),Legal Case; Political Commentary,"We are fighting back in the Congress, in the street and in the courts!
 
Simply put: the courts have ruled that ICE and Trump's Administration have been acting illegally by arresting people without warrants.",https://bsky.app/profile/ramirez.house.gov/post/3m2pmnaxrf22c,1
60,ICE Related (Uncategorized),General ICE Content,"How we photographed ICE agents arresting people in the Loop and River North
chicago.suntimes.com/photography/...",https://bsky.app/profile/monroegallery.bsky.social/post/3m2fjnwba6c2v,1
61,ICE Related (Uncategorized),General ICE Content,"ICE is Now Arresting US Citizens at Gun Point

Explore the intense reality of ICE arresting US citizens in a quiet neighborhood. A honk triggers a dramatic response from agents.",https://bsky.app/profile/franknez.bsky.social/post/3m5zfjg6bwn2u,1
62,Not ICE Related (Uncategorized),General ICE Content,"Here is a great video on organic artifacts that are emerging from ice packs in Canada... thousand-year-old arrows, atlatl darts, a broken bow, and moccosins...yet MAGA thinks Climate Change is a hoax.
",https://bsky.app/profile/waynetheseine.bsky.social/post/3m5x2myjy5c2n,0
63,Not ICE Related (Uncategorized),Unknown,"House Oversight ranking member Robert Garcia is sending a letter to AG Pam Bondi reminding her that the committee has required, under subpoena, that DOJ turn over to the committee all its Jeffrey Epstein files ‚Äî notably including those tied to ongoing investigations.",https://bsky.app/profile/kylegriffin1.bsky.social/post/3m664ra7yb22d,0
64,ICE Related (Uncategorized),General ICE Content,"A parent dropping their child off at an elementary school was apparently targeted by ICE in Oakland. After the attempted arrest, parents and community members gathered to protest the ICE activity.

Read more ‚Üí www.sfchronicle.com/eastbay/arti...
",https://bsky.app/profile/sfchronicle.com/post/3m5zw7rirvk2l,1
65,ICE Related (Uncategorized),General ICE Content,"ICE chased down Oakland parent at school drop-off in attempted arrest, city council member says www.sfchronicle.com/eastbay/arti...",https://bsky.app/profile/stjbs.bsky.social/post/3m5zjxsxq6s2y,1
66,Not ICE Related (Uncategorized),News; Political Commentary,"Breaking News: President Trump ended his first face-to-face meeting with Zohran Mamdani, the mayor-elect of New York City, stressing common goals and trading praise. Follow live updates. trib.al/L1eZNIF",https://bsky.app/profile/nytimes.com/post/3m66af3z2rc2a,0
67,Not ICE Related (Uncategorized),News; Political Commentary,"With airport delays increasing during the federal shutdown, it's a good time to remind that breast milk, formula, toddler drinks over 3.4 oz along with ice & gel packs are allowed in carry-on baggage -- though TSA agents are not always trained on the policy: www.newsfromthestates.com/article/moth...",https://bsky.app/profile/sofiaresnick.bsky.social/post/3m4jat4rz2s2a,0
68,ICE Related (Uncategorized),Unknown,"Immigration agents had a 12-pack of Modelos in their car while making arrests, Miguel Angel Garcia Martinez told investigators.",https://bsky.app/profile/charlotteobserver.com/post/3m65vilqb6z2b,1
69,ICE Related (Uncategorized),News,"The WGN video producer who was shoved to the ground and arrested by ICE this morning was released, without charges, at 3pm. I'm hoping she and WGN sue ICE and win. And betting the federal judge who issued a restraining order last night blocking EXACTLY THIS is furious.

wgntv.com/news/operati...
",https://bsky.app/profile/geneha.com/post/3m2v6oq2ofs2d,1
70,ICE Related (Uncategorized),News; ICE Raid Report,"BREAKING: I repeat, confirmation from ICE‚Äôs own spokesperson that the victims were immigrants detained at the #ICE facility‚Äîand that NO ICE AGENTS were injured. It‚Äôs the same NBC link, but I‚Äôve screen-grabbed the live feed here:
#Shooting #Dallas
www.nbcnews.com/news/amp/liv...",https://bsky.app/profile/bschillace.brandyschillace.com/post/3lzlnnvuuwk24,1
71,News + Fear-mongering,ICE Raid Report; Legal Case,This is HORRIFYING!! ICE masked warrantless raids√¢‚Ç¨¬¶ US citizens detained√¢‚Ç¨¬¶ disappearance of a Venezuelan man√¢‚Ç¨¬¶ kids as young as 4 appear at deportation hearings without attorneys√¢‚Ç¨¬¶,https://bsky.app/profile/southern-note.bsky.social/post/3lninrrtxms2j,1
72,News,General ICE Content,Gizmodo: U.S. Immigration Enforcement provides facial scanning tech to local cops√¢‚Ç¨¬¶ deputizing police into federal mass deportation effort.,https://bsky.app/profile/cubanx.bsky.social/post/3m4tlyg75aa22,1
73,Unavailable,Unknown,This post requires authentication to view.,https://bsky.app/profile/harmscommitted.com/post/3m4bp7suoyw2e,0
74,Political Commentary,General ICE Content,"Project 2025 mass deportation strategy will increase crime, chaos√¢‚Ç¨¬¶ masked agents lead to white nationalists posing as ICE√¢‚Ç¨¬¶ strategic to sow fascism.",https://bsky.app/profile/savedemocracy123.bsky.social/post/3m2w67inwds2a,1
75,Unavailable,Unknown,This post requires authentication to view.,https://bsky.app/profile/harmscommitted.com/post/3lzmd4o7lhb2t,0
76,Fear appeal,Political Commentary,Don't close your eyes to these brutal Trump forces√¢‚Ç¨¬¶ this is lawlessness by ICE and DHS!,https://bsky.app/profile/malena.bsky.social/post/3m4oagorbzk2h,1
77,Political Commentary,General ICE Content,"Illinois Rep. Raja Krishnamoorthi condemns brutal ICE arrest √¢‚Ç¨‚Äù cruelty without accountability, secrecy without oversight.",https://bsky.app/profile/worldjustice7.bsky.social/post/3m37pmg6jfc2d,1
78,News Commentary,General ICE Content,Absolutely brutal√¢‚Ç¨¬¶ horrifying de-escalation failure by DHS/ICE in Chicago.,https://bsky.app/profile/stjbs.bsky.social/post/3m2fj6kqbys2m,1
79,News,General ICE Content,DHS slammed as propagandist for spinning brutal beating√¢‚Ç¨¬¶ Neo-Nazi ICE.,https://bsky.app/profile/ckuss.bsky.social/post/3lscb5fdc722o,1
80,Unavailable,Unknown,This post requires authentication to view.,https://bsky.app/profile/cajunblue.bsky.social/post/3m6ah42gxms27,0
81,Protest,General ICE Content,Chicagoans smashed a tiny bovino pi√É¬±ata outside the infamous ICE detention center.,https://bsky.app/profile/iwillnotbesilenced.bsky.social/post/3m5wcbfk4j22b,1
82,Police Abuse (Non-ICE),Unknown,Sheriff√¢‚Ç¨‚Ñ¢s deputies testing shock vest on disabled inmate at Rankin County Jail.,https://bsky.app/profile/iwillnotbesilenced.bsky.social/post/3m6ahvcbw3s25,0
83,Political Commentary (Non-ICE),Political Commentary,Trump calls for arrest/prosecution/execution of Rep. Jason Crow.,https://bsky.app/profile/iwillnotbesilenced.bsky.social/post/3m6a6hpg6s223,0
84,ICE Raid Report,Fear-mongering; ICE Raid Report,Panic during ICE raid at school bus drop-off in Charlotte NC.,https://bsky.app/profile/iwillnotbesilenced.bsky.social/post/3m6a5fmfjpk23,1
85,Insult (Non-ICE),Unknown,You are a punk-fucking child who doesn√¢‚Ç¨‚Ñ¢t stand for shit.,https://bsky.app/profile/iwillnotbesilenced.bsky.social/post/3m67w7sehgs23,0
86,Public Reaction to ICE,General ICE Content,Telling ICE goons to leave√¢‚Ç¨¬¶ √¢‚Ç¨≈ìhe wants the smoke to pull him over.√¢‚Ç¨_x009d_,https://bsky.app/profile/iwillnotbesilenced.bsky.social/post/3m66xonfxac2s,1
87,Political Commentary (Non-ICE),Political Commentary,Donald Trump√¢‚Ç¨¬¶ you are a coward√¢‚Ç¨¬¶ your admin needs to come down.,https://bsky.app/profile/iwillnotbesilenced.bsky.social/post/3m66vdt2jx223,0
88,Violent ICE Raid,General ICE Content,ICE breaks down door with battering ram and holds family at gunpoint.,https://bsky.app/profile/iwillnotbesilenced.bsky.social/post/3m6666j2ews2z,1
89,ICE Raid Lawsuit,ICE Raid Report; Legal Case,79-year-old US citizen files $50M lawsuit after ICE raid injury.,https://bsky.app/profile/iwillnotbesilenced.bsky.social/post/3m65vkeg23s2i,1
90,Sarcasm/Non-ICE,General ICE Content,Feeling threatened by the price of milk?,https://bsky.app/profile/sundaedivine.bsky.social/post/3m65pumfqds2z,0
91,Fear-mongering,News,ICE goons are breaking into houses and abducting families.,https://bsky.app/profile/iwillnotbesilenced.bsky.social/post/3m65eyg4yts2r,1
92,Public Resistance,General ICE Content,Woman in Oregon confronts heavily armed ICE agents at a roadblock.,https://bsky.app/profile/iwillnotbesilenced.bsky.social/post/3m65dimoios2r,1
93,News,Unknown,Identified: federal agents who pointed gun and punched detainee in Evanston.,https://bsky.app/profile/iwillnotbesilenced.bsky.social/post/3m647anz52s2s,1
94,ICE Activity Report,ICE Raid Report,Heavy ICE presence and raids in Newark NJ near seafood depot.,https://bsky.app/profile/iwillnotbesilenced.bsky.social/post/3m5zrdevc6c23,1
95,ICE Disappearance Case,Legal Case,Legal resident Christian Toquiza abducted by ICE. Missing since Nov 18 2025.,https://bsky.app/profile/iwillnotbesilenced.bsky.social/post/3m5zcml4ats2q,1
96,Public Reaction to ICE,General ICE Content,Durham NC woman yells at ICE√¢‚Ç¨¬¶ √¢‚Ç¨≈ìgo back and beat your wife√¢‚Ç¨‚Ñ¢s√¢‚Ç¨¬¶√¢‚Ç¨_x009d_,https://bsky.app/profile/iwillnotbesilenced.bsky.social/post/3m5z4onhi5k2q,1
97,Family Reaction to ICE Raid,ICE Raid Report,√¢‚Ç¨≈ìThat's my dad √¢_x009d_¬§√Ø¬∏_x008f_√¢‚Ç¨_x009d_ √¢‚Ç¨‚Äù Charlotte NC ICE raid context implied.,https://bsky.app/profile/iwillnotbesilenced.bsky.social/post/3m5yoxzvi522p,1
98,Public Praise,Unknown,Great job sir for standing for the people.,https://bsky.app/profile/iwillnotbesilenced.bsky.social/post/3m5yo7utor226,0
99,Public Warning,General ICE Content,Hotel where ICE goons are staying √¢‚Ç¨‚Äù do not let these demons rest.,https://bsky.app/profile/iwillnotbesilenced.bsky.social/post/3m5yicjsrh222,1
100,Political Commentary (Non-ICE),Unknown,Calling out Van Jones for making fun of dead Gazan babies.,https://bsky.app/profile/iwillnotbesilenced.bsky.social/post/3m5yf4z72gs2t,0
101,Public Reaction,Unknown,Ain√¢‚Ç¨‚Ñ¢t welcome in my hood √¢≈ì‚Äπ.,https://bsky.app/profile/iwillnotbesilenced.bsky.social/post/3m5x2uv6n4s2u,0
102,Protest,General ICE Content,Protestors playing screams of mother ripped from children by ICE goons in Charlotte NC.,https://bsky.app/profile/iwillnotbesilenced.bsky.social/post/3m5x2miboq22u,1
103,Violent ICE Raid,General ICE Content,ICE goons violently descended on Evanston IL √¢‚Ç¨‚Äù pointing guns at bystanders.,https://bsky.app/profile/iwillnotbesilenced.bsky.social/post/3m5wodzlgac2d,1
104,Public Reaction,Unknown,Hiding in the woods like bitches √¢‚Ç¨‚Äù North Carolina doesn√¢‚Ç¨‚Ñ¢t play.,https://bsky.app/profile/iwillnotbesilenced.bsky.social/post/3m5wg7gyank2o,0
105,Violent ICE Incident,General ICE Content,Detroit MI √¢‚Ç¨‚Äù ICE goon tased non-resisting woman then threw her limp body into truck.,https://bsky.app/profile/iwillnotbesilenced.bsky.social/post/3m5vp4o5npk26,1
106,Violent ICE Incident,Unknown,US citizen in Charlotte recorded federal agents smashing his car window.,https://bsky.app/profile/iwillnotbesilenced.bsky.social/post/3m5ujxpdq4k2y,1
107,ICE Related (Uncategorized),Location with urgency,ICE agents spotted at 123 Main Street checkpoint today. Avoid the area immediately!,test_1,1
108,ICE Related (Uncategorized),Verified news,New immigration policy announced by Reuters: https://reuters.com/immigration-reform,test_2,1
109,ICE Related (Uncategorized),Multi-language panic,URGENT: Redada confirmada en la escuela! Share this now! t.co/abc123,test_3,1
110,Not ICE Related (Uncategorized),Unrelated content,Beautiful sunset at the park today #nature,test_4,0
111,ICE Related (Uncategorized),Coordinates with fear,"Checkpoint at 40.7128, -74.0060 RIGHT NOW! They are coming!",test_5,1
112,ICE Related (Uncategorized),Sensitive location,Border patrol activity near St. Mary's Church. Everyone needs to know!,test_6,1
113,ICE Related (Uncategorized),Legitimate service,Immigration lawyer offering free consultations this week,test_7,1
114,ICE Related (Uncategorized),Suspicious link panic,BREAKING: ICE raid happening now! Spread this message! bit.ly/warning,test_8,1
115,ICE Related (Uncategorized),Government source,DHS announcement on new visa processing times https://dhs.gov/visa-updates,test_9,1
116,Not ICE Related (Uncategorized),Mixed language location,Migra en el hospital! Cuidado! Avoid Central Hospital NOW!,test_10,0
117,ICE Related (Uncategorized),Legitimate advocacy,Join us tomorrow at City Hall to support immigrant rights,test_11,1
118,ICE Related (Uncategorized),Specific address,Verified: Enforcement operation at 456 Oak Avenue apartment complex,test_12,1
119,ICE Related (Uncategorized),Multi-language suspicious,Please share: ICEÊ¥ªÂä®Âú®Âîê‰∫∫Ë°ó! telegram.me/alerts,test_13,1
120,ICE Related (Uncategorized),Academic content,New study on immigration impacts published in academic journal,test_14,1
121,Not ICE Related (Uncategorized),Pure panic,URGENT URGENT URGENT!!! They're HERE!!! Lock your doors!!!,test_15,0
122,ICE Related (Uncategorized),Community service,Community center offering ESL classes starting Monday,test_16,1
123,ICE Related (Uncategorized),Time and location,"Checkpoint confirmed at intersection of 5th and Main, 3:00 PM today",test_17,1
124,ICE Related (Uncategorized),Verified media,Immigration reform discussion tonight on NPR https://npr.org/live,test_18,1
125,ICE Related (Uncategorized),Full escalation,Redadas masivas! Mobilize now! Meet at the shelter! Signal: +1234567,test_19,1
126,Not ICE Related (Uncategorized),Unrelated,Weather alert: Heavy rain expected this afternoon,test_20,0
127,ICE Related (Uncategorized),School location,ICE officers seen near Lincoln Elementary School this morning,test_21,1
128,ICE Related (Uncategorized),Verified breaking news,Breaking news from CNN on border policy https://cnn.com/breaking,test_22,1
129,ICE Related (Uncategorized),Generic location panic,Stay away from downtown! Confirmed raids! Share everywhere!,test_23,1
130,Not ICE Related (Uncategorized),Community resource,Free citizenship test prep at library this Saturday,test_24,0
131,ICE Related (Uncategorized),GPS coordinates,"41.8781, -87.6298 - active enforcement! Be careful!",test_25,1
132,Not ICE Related (Uncategorized),Unrelated business,New Mexican restaurant opening on Elm Street,test_26,0
133,ICE Related (Uncategorized),Highway location,"DHS checkpoint at Highway 101 exit 23, verified by multiple sources",test_27,1
134,ICE Related (Uncategorized),Suspicious platform,Join our WhatsApp group for raid alerts: wa.me/alerts,test_28,1
135,Not ICE Related (Uncategorized),Government source,Supreme Court ruling on DACA announced https://supremecourt.gov/daca,test_29,0
136,ICE Related (Uncategorized),Pure escalation,EVERYONE SHARE THIS NOW! ICE IS EVERYWHERE! PANIC!,test_30,1
137,ICE Related (Uncategorized),Professional service,Immigration attorney available for consultations,test_31,1
138,ICE Related (Uncategorized),Highway tracking,Deportation bus spotted heading north on I-95,test_32,1
139,Not ICE Related (Uncategorized),Legitimate meeting,Community meeting tonight to discuss sanctuary policies,test_33,0
140,ICE Related (Uncategorized),Specific address,789 Park Lane - ICE vehicles parked outside! Confirmed!,test_34,1
141,Not ICE Related (Uncategorized),Education,Learn English classes at community college,test_35,0
142,ICE Related (Uncategorized),Multi-language alert,Border patrol Ÿäÿ™Ÿàÿßÿ¨ÿØ ŸÅŸä ÿßŸÑŸÖŸÜÿ∑ŸÇÿ©! Spread the word!,test_36,1
143,ICE Related (Uncategorized),Verified media,Fox News report on immigration https://foxnews.com/immigration,test_37,1
144,Not ICE Related (Uncategorized),Mobilization,Gather at City Plaza NOW! Resist! Fight back!,test_38,0
145,Not ICE Related (Uncategorized),Unrelated,Happy birthday to our mayor!,test_39,0
146,ICE Related (Uncategorized),Workplace raid,"ICE raid at workplace on Industrial Blvd, multiple arrests",test_40,1
147,ICE Related (Uncategorized),Legal service,Free legal clinic for immigrants this weekend,test_41,1
148,Not ICE Related (Uncategorized),Vague panic,URGENT: Avoid all government buildings today!,test_42,0
149,Not ICE Related (Uncategorized),Verified media,BBC documentary on global migration https://bbc.com/documentary,test_43,0
150,ICE Related (Uncategorized),Government facility,Detention center bus arriving at 200 Federal Street,test_44,1
151,Not ICE Related (Uncategorized),Unrelated event,Soccer game at the park this Sunday,test_45,0
152,ICE Related (Uncategorized),Intersection location,"Confirmed checkpoint: Main St & 1st Ave, active now!",test_46,1
153,ICE Related (Uncategorized),Verified source,Immigration news roundup from AP https://apnews.com/immigration,test_47,1
154,Not ICE Related (Uncategorized),Conspiracy platform,They're coming for everyone! Hide! rumble.com/truth,test_48,0
155,Not ICE Related (Uncategorized),Official event,Citizenship ceremony at courthouse next Friday,test_49,0
156,ICE Related (Uncategorized),Russian language panic,Mass deportations –Ω–∞—á–∞–ª–∏—Å—å! –ò–∑–±–µ–≥–∞–π—Ç–µ –æ–±–ª–∞—Å—Ç–∏!,test_50,1
157,Not ICE Related (Uncategorized),Unrelated traffic,Traffic alert: Accident on Highway 5,test_51,0
158,ICE Related (Uncategorized),Hospital location,ICE presence confirmed at Mercy Hospital emergency room,test_52,1
159,ICE Related (Uncategorized),Verified analysis,Washington Post analysis of immigration data https://washingtonpost.com/data,test_53,1
160,Not ICE Related (Uncategorized),Secret meeting,Emergency meeting TONIGHT! Church basement 8PM! Come prepared!,test_54,0
161,Not ICE Related (Uncategorized),Unrelated business,New taco truck on Market Street,test_55,0
162,ICE Related (Uncategorized),Geographic location,Border patrol checkpoint 10 miles north of San Diego,test_56,1
163,Not ICE Related (Uncategorized),Verified international,Guardian article on refugee crisis https://theguardian.com/refugees,test_57,0
164,ICE Related (Uncategorized),Alt platform,SHARE IMMEDIATELY! parler.com/immigration-truth,test_58,1
165,Not ICE Related (Uncategorized),Official program,Green card lottery opens next month,test_59,0
166,ICE Related (Uncategorized),Multiple location panic,Raids happening at multiple locations! Stay inside!,test_60,1
167,ICE Related (Uncategorized),Cultural event,Book club discussing immigration stories,test_61,1
168,ICE Related (Uncategorized),Airport location,"CBP officers at international terminal, airport",test_62,1
169,Not ICE Related (Uncategorized),Verified business news,Bloomberg report on visa policies https://bloomberg.com/visa-news,test_63,0
170,Not ICE Related (Uncategorized),Hindi warning,‡§ó‡§ø‡§∞‡§´‡•ç‡§§‡§æ‡§∞‡•Ä ‡§ï‡•Ä warning! Danger ahead!,test_64,0
171,Not ICE Related (Uncategorized),Unrelated event,Food festival this weekend at the park,test_65,0
172,ICE Related (Uncategorized),Business location,Enforcement action at 555 Commerce Center confirmed,test_66,1
173,Not ICE Related (Uncategorized),Verified TV,NBC special report tonight https://nbcnews.com/special,test_67,0
174,ICE Related (Uncategorized),Telegram link,Join Telegram for updates: t.me/ice_alerts,test_68,1
175,ICE Related (Uncategorized),Cultural,Immigration museum exhibit opening,test_69,1
176,ICE Related (Uncategorized),Retail location,Multiple ICE vehicles at Walmart on Jefferson Ave,test_70,1
177,Not ICE Related (Uncategorized),Unrelated class,Cooking class at community center,test_71,0
178,Not ICE Related (Uncategorized),Transit location,Federal agents at train station platform 3,test_72,0
179,ICE Related (Uncategorized),Verified broadcast,ABC News immigration coverage https://abcnews.com/immigration,test_73,1
180,Not ICE Related (Uncategorized),Alt platform mobilization,MOBILIZE NOW! RESIST! gettr.com/resistance,test_74,0
181,ICE Related (Uncategorized),Government service,Passport renewal services available,test_75,1
182,Not ICE Related (Uncategorized),Chinese language alert,ÊãòÁïô‰∏≠ÂøÉ full! Major operation underway!,test_76,0
183,Not ICE Related (Uncategorized),Unrelated entertainment,Jazz concert Friday night,test_77,0
184,ICE Related (Uncategorized),Government building,"DHS activity at County Courthouse, multiple floors",test_78,1
185,Not ICE Related (Uncategorized),Verified business,Wall Street Journal on H1B visas https://wsj.com/h1b,test_79,0
186,Not ICE Related (Uncategorized),Truth Social panic,Emergency broadcast! truthsocial.com/alert,test_80,0
187,Not ICE Related (Uncategorized),University event,International student orientation next week,test_81,0
188,Not ICE Related (Uncategorized),Highway marker,Roadblock at mile marker 45 on Interstate 10,test_82,0
189,ICE Related (Uncategorized),Educational,Educational webinar on immigration law,test_83,1
190,Not ICE Related (Uncategorized),Church address,Sanctuary church opening doors - 321 Hope Street,test_84,0
191,Not ICE Related (Uncategorized),Local news,Morning news update from local station,test_85,0
192,Not ICE Related (Uncategorized),Arabic warning,ŸÖÿØÿßŸáŸÖÿ© WARNING! Spread to all groups!,test_86,0
193,Not ICE Related (Uncategorized),Unrelated,Farmers market this Saturday,test_87,0
194,ICE Related (Uncategorized),Government location,ICE detention van at 777 State Building,test_88,1
195,ICE Related (Uncategorized),Verified exclusive,Reuters exclusive on border https://reuters.com/exclusive,test_89,1
196,Not ICE Related (Uncategorized),Gab platform,Mass alert system: gab.com/alerts,test_90,0
197,Not ICE Related (Uncategorized),Civic activity,Voter registration drive this week,test_91,0
198,ICE Related (Uncategorized),Russian alert,Enforcement surge –Ω–∞—á–∞–ª—Å—è –≤ –≥–æ—Ä–æ–¥–µ!,test_92,1
199,Not ICE Related (Uncategorized),Cultural event,Poetry reading at bookstore,test_93,0
200,ICE Related (Uncategorized),Border location,Federal operation at Port of Entry,test_94,1
201,Not ICE Related (Uncategorized),Academic,Academic conference on migration studies,test_95,0
202,Not ICE Related (Uncategorized),Signal link,Crisis hotline: signal.org/help,test_96,0
203,Not ICE Related (Uncategorized),Government meeting,City council meeting Tuesday,test_97,0
204,ICE Related (Uncategorized),Chinese deportation,Â§ßËßÑÊ®° deportation in progress! Alert everyone!,test_98,1
205,Not ICE Related (Uncategorized),Unrelated art,Art exhibit opening reception,test_99,0
206,ICE Related (Uncategorized),Precise coordinates,"Checkpoint active: 42.3601¬∞ N, 71.0589¬∞ W",test_100,1
207,Not ICE Related (Uncategorized),Entertainment,Documentary screening at theater,test_101,0
208,Not ICE Related (Uncategorized),Hindi help request,‡§Æ‡§¶‡§¶ needed urgently! Shelter full!,test_102,0
209,Not ICE Related (Uncategorized),Food event,Restaurant week starts Monday,test_103,0
210,ICE Related (Uncategorized),Residential location,ICE SUVs surrounding apartment block 900 Division St,test_104,1
211,Not ICE Related (Uncategorized),Educational forum,Education forum on DREAM Act,test_105,0
212,Not ICE Related (Uncategorized),Bitchute panic,Mass panic! Everyone evacuate! bitchute.com/escape,test_106,0
213,Not ICE Related (Uncategorized),Community event,Library book sale this weekend,test_107,0
214,ICE Related (Uncategorized),Arabic government warning,ÿßŸÑÿ™ÿ≠ÿ∞Ÿäÿ± ÿπÿßÿ¨ŸÑ! Government building raids!,test_108,1
215,Not ICE Related (Uncategorized),Sports event,Marathon race Sunday morning,test_109,0
216,ICE Related (Uncategorized),Transit with K9,Border patrol K9 units at bus terminal,test_110,1
217,ICE Related (Uncategorized),Educational opportunity,Scholarship opportunities for immigrants,test_111,1
218,Not ICE Related (Uncategorized),Rumble evacuation,Urgent evacuation order! rumble.com/live,test_112,0
219,Not ICE Related (Uncategorized),Fitness class,Yoga class at recreation center,test_113,0
220,ICE Related (Uncategorized),Russian checkpoint warning,–ø—Ä–µ–¥—É–ø—Ä–µ–∂–¥–µ–Ω–∏–µ! Checkpoints everywhere!,test_114,1
221,Not ICE Related (Uncategorized),School event,Science fair at middle school,test_115,0
222,ICE Related (Uncategorized),Industrial location,DHS raid confirmed 1500 Industrial Complex,test_116,1
223,Not ICE Related (Uncategorized),Nonprofit event,Legal aid society fundraiser,test_117,0
224,Not ICE Related (Uncategorized),Parler mobilization,Mass mobilization needed! parler.com/action,test_118,0
225,Not ICE Related (Uncategorized),Weather cancellation,Concert in the park canceled due to rain,test_119,0
226,ICE Related (Uncategorized),Hindi temple warning,‡§ö‡•á‡§§‡§æ‡§µ‡§®‡•Ä! Raids at multiple temples!,test_120,1
227,Not ICE Related (Uncategorized),Business opening,New coffee shop grand opening,test_121,0
228,ICE Related (Uncategorized),Marina location,Enforcement action at City Marina dock 7,test_122,1
229,ICE Related (Uncategorized),Policy discussion,Immigration reform panel discussion,test_123,1
230,Not ICE Related (Uncategorized),Telegram emergency,RED ALERT! EMERGENCY! telegram.org/redcode,test_124,0
231,Not ICE Related (Uncategorized),Entertainment,Trivia night at local pub,test_125,0
232,ICE Related (Uncategorized),Chinese campus alert,Â§ßÈáèÈÄÆÊçï at university campus! Warning!,test_126,1
233,Not ICE Related (Uncategorized),Community sale,Garage sale this Saturday,test_127,0
234,ICE Related (Uncategorized),Road exit location,CBP checkpoint at County Line Road exit,test_128,1
235,Not ICE Related (Uncategorized),Study group,Citizenship test study group forming,test_129,0
236,Not ICE Related (Uncategorized),Gettr panic,EVERYONE PANIC NOW!!! gettr.com/panicmode,test_130,0
237,Not ICE Related (Uncategorized),Entertainment,Movie premiere downtown tonight,test_131,0
238,Not ICE Related (Uncategorized),Arabic mosque help,ŸÖÿ≥ÿßÿπÿØÿ© ÿπÿßÿ¨ŸÑÿ© needed at mosque!,test_132,0
239,Not ICE Related (Uncategorized),Park event,Dog park reopening celebration,test_133,0
240,ICE Related (Uncategorized),Tech park location,ICE operation at 2000 Tech Park Drive,test_134,1
241,ICE Related (Uncategorized),Online Q&A,Immigration lawyer AMA on Reddit,test_135,1
242,Not ICE Related (Uncategorized),Truth Social crisis,Crisis spreading fast! truthsocial.com/crisis,test_136,0
243,Not ICE Related (Uncategorized),Social event,Wine tasting event Friday,test_137,0
244,Not ICE Related (Uncategorized),Hindi emergency,‡§Ü‡§™‡§æ‡§§‡§ï‡§æ‡§≤! Government crackdown begun!,test_138,0
245,Not ICE Related (Uncategorized),Charity event,Charity run for local shelter,test_139,0
246,Not ICE Related (Uncategorized),Bus station,Federal agents at Greyhound station,test_140,0
247,Not ICE Related (Uncategorized),Educational workshop,Know your rights workshop,test_141,0
248,Not ICE Related (Uncategorized),Gab arrests,Mass arrests happening! gab.com/breaking,test_142,0
249,Not ICE Related (Uncategorized),Entertainment,Comedy show this weekend,test_143,0
250,Not ICE Related (Uncategorized),Arabic operation warning,ÿ™ÿ≠ÿ∞Ÿäÿ± ŸÑŸÑÿ¨ŸÖŸäÿπ! Major operation today!,test_144,0
251,Not ICE Related (Uncategorized),Shopping event,Sidewalk sale downtown,test_145,0
252,ICE Related (Uncategorized),Federal building,DHS vehicles at 3000 Federal Plaza,test_146,1
253,ICE Related (Uncategorized),Media launch,Immigration stories podcast launch,test_147,1
254,Not ICE Related (Uncategorized),Bitchute warning,FINAL WARNING! bitchute.com/lastchance,test_148,0
255,Not ICE Related (Uncategorized),Festival announcement,Annual festival next month,test_149,0
256,Not ICE Related (Uncategorized),Hindi multiple warnings,‡§∏‡§æ‡§µ‡§ß‡§æ‡§® ‡§∞‡§π‡•á‡§Ç! Multiple locations targeted!,test_150,0
257,Violent Anti-Immigrant,Violent Anti-Immigrant Content,Shoot illegal immigrants at the border. Spare no one.,synthetic_257,1
258,Violent Anti-Immigrant,Violent Anti-Immigrant Content,They should all be executed in those ICE camps.,synthetic_258,1
259,Violent Anti-Immigrant,Violent Anti-Immigrant Content,We need a final solution for the illegal invasion. #StopTheInvasion,synthetic_259,1
260,Violent Anti-Immigrant,Violent Anti-Immigrant Content,"Kill them all, I don‚Äôt care if they‚Äôre kids or adults. #NoMercy",synthetic_260,1
261,Violent Anti-Immigrant,Violent Anti-Immigrant Content,ICE should just line these invaders up and shoot them.,synthetic_261,1
262,Violent Anti-Immigrant,Violent Anti-Immigrant Content,"If I see an illegal, I‚Äôll shoot on sight. üí•",synthetic_262,1
263,Anti-Immigrant,Anti-Immigrant Content,Those detention centers are too good for them; better to just gas them.,synthetic_263,1
264,Anti-Immigrant,Anti-Immigrant Content,"Deportation? Nah, extermination is the answer.",synthetic_264,1
265,Anti-Immigrant,Anti-Immigrant Content,These parasites deserve to die.,synthetic_265,1
266,Anti-Immigrant,Anti-Immigrant Content,The only good illegal is a dead illegal.,synthetic_266,1
267,Anti-Immigrant,Anti-Immigrant Content,Anyone crossing our border illegally should leave in a body bag.,synthetic_267,1
268,Violent Anti-Immigrant,Violent Anti-Immigrant Content,Time to start shooting these cartel-run illegals. #SecondAmendment,synthetic_268,1
269,Violent Anti-Immigrant,Violent Anti-Immigrant Content,We should treat illegal aliens like terrorists ‚Äî shoot them on sight.,synthetic_269,1
270,Violent Anti-Immigrant,Violent Anti-Immigrant Content,ICE is too soft; just execute every illegal you catch.,synthetic_270,1
271,Anti-Immigrant,Anti-Immigrant Content,Put landmines on the border and blow those invaders to bits.,synthetic_271,1
272,Violent Anti-Immigrant,Violent Anti-Immigrant Content,"Don‚Äôt detain them, kill them. Saves taxpayer money.",synthetic_272,1
273,Anti-Immigrant,Anti-Immigrant Content,They are cockroaches. Exterminate every last one.,synthetic_273,1
274,Anti-Immigrant,Anti-Immigrant Content,"Lock and load, it‚Äôs time for an immigrant purge.",synthetic_274,1
275,Anti-Immigrant,Anti-Immigrant Content,"All illegals must die; this is our country, not theirs.",synthetic_275,1
276,Anti-Immigrant,Anti-Immigrant Content,I volunteer to put a bullet in each illegal‚Äôs head myself.,synthetic_276,1
277,Violent Anti-Immigrant,Violent Anti-Immigrant Content,Why waste time with trials? Just shoot illegal scum on sight.,synthetic_277,1
278,Violent Anti-Immigrant,Violent Anti-Immigrant Content,I hope ICE starts publicly executing these illegals as a warning.,synthetic_278,1
279,Anti-Immigrant,Anti-Immigrant Content,Filthy wetbacks are flooding in ‚Äî time to start the culling.,synthetic_279,1
280,Violent Anti-Immigrant,Violent Anti-Immigrant Content,"Grab your guns, it‚Äôs open season on illegals. #HuntThem",synthetic_280,1
281,Violent Anti-Immigrant,Violent Anti-Immigrant Content,Bullets are the only border security that works. #ShootIllegals,synthetic_281,1
282,Violent Anti-Immigrant,Violent Anti-Immigrant Content,Maten a todos esos malditos ilegales. (Kill all those damn illegals.),synthetic_282,1
283,Anti-Immigrant,Anti-Immigrant Content,Es una invasi√≥n; hay que eliminar a los inmigrantes invasores. (It‚Äôs an invasion; we must eliminate those immigrant invaders.),synthetic_283,1
284,Violent Anti-Immigrant,Violent Anti-Immigrant Content,"Disparen a los ilegales en cuanto crucen la frontera, ni uno vivo. (Shoot illegals as soon as they cross the border, leave none alive.)",synthetic_284,1
285,Anti-Immigrant,Anti-Immigrant Content,Estos inmigrantes son par√°sitos; merecen la muerte. (These immigrants are parasites; they deserve death.),synthetic_285,1
286,Anti-Immigrant,Anti-Immigrant Content,Odio a esos mojados; que mueran todos. (I hate those ‚Äúwetbacks‚Äù; let them all die.),synthetic_286,1
287,Violent Anti-Immigrant,Violent Anti-Immigrant Content,Shoot the ICE Nazis down like the rabid dogs they are.,synthetic_287,1
288,Violent Anti-Immigrant,Violent Anti-Immigrant Content,Just get a gun and shoot the ICE Nazis down.,synthetic_288,1
289,Violent Anti-Immigrant,Violent Anti-Immigrant Content,Shoot ICE gestapo dead.,synthetic_289,1
290,Violent Anti-Immigrant,Violent Anti-Immigrant Content,"They come near me, and I shoot to kill. Be warned.",synthetic_290,1
291,Violent Anti-Immigrant,Violent Anti-Immigrant Content,Get out your guns and shoot them down.,synthetic_291,1
292,Violent Anti-Immigrant,Violent Anti-Immigrant Content,Kill those ICE pigs before they kill more innocents.,synthetic_292,1
293,Anti-Immigrant,Anti-Immigrant Content,Every ICE agent deserves a bullet in the head.,synthetic_293,1
294,Anti-Immigrant,Anti-Immigrant Content,Time to start hunting ICE agents. #FuckICE,synthetic_294,1
295,Violent Anti-Immigrant,Violent Anti-Immigrant Content,ICE equals Nazis. Treat them the same way: shoot on sight.,synthetic_295,1
296,Anti-Immigrant,Anti-Immigrant Content,"Burn down every ICE detention center, with the ICE thugs inside.",synthetic_296,1
297,Anti-Immigrant,Anti-Immigrant Content,Someone should just bomb ICE headquarters already.,synthetic_297,1
298,Violent Anti-Immigrant,Violent Anti-Immigrant Content,I have zero sympathy for ICE agents ‚Äî shoot them all.,synthetic_298,1
299,Anti-Immigrant,Anti-Immigrant Content,Let‚Äôs storm the ICE facilities and tear those agents to shreds.,synthetic_299,1
300,Violent Anti-Immigrant,Violent Anti-Immigrant Content,No mercy for ICE scum. Kill on sight.,synthetic_300,1
301,Anti-Immigrant,Anti-Immigrant Content,Bring guillotines for ICE agents. #Revolution,synthetic_301,1
302,Anti-Immigrant,Anti-Immigrant Content,Dead ICE agents = justice served.,synthetic_302,1
303,Anti-Immigrant,Anti-Immigrant Content,I dream of the day every ICE officer is six feet under.,synthetic_303,1
304,Violent Anti-Immigrant,Violent Anti-Immigrant Content,Those who run ICE detention centers should be executed like the war criminals they are.,synthetic_304,1
305,Anti-Immigrant,Anti-Immigrant Content,Make ICE afraid again ‚Äî start eliminating them one by one.,synthetic_305,1
306,Anti-Immigrant,Anti-Immigrant Content,We should treat ICE agents like rabid animals: put them down.,synthetic_306,1
307,Anti-Immigrant,Anti-Immigrant Content,Time to raise the stakes ‚Äî ICE heads on pikes.,synthetic_307,1
308,Anti-Immigrant,Anti-Immigrant Content,Any ICE agent who raids homes deserves a bullet between the eyes.,synthetic_308,1
309,Anti-Immigrant,Anti-Immigrant Content,"If you work for ICE, you deserve to die.",synthetic_309,1
310,Violent Anti-Immigrant,Violent Anti-Immigrant Content,Violence is the only language ICE understands. Time to speak it.,synthetic_310,1
311,Violent Anti-Immigrant,Violent Anti-Immigrant Content,I don‚Äôt condone violence; I encourage it against ICE.,synthetic_311,1
312,Anti-Immigrant,Anti-Immigrant Content,"Malditos agentes de ICE, merecen morir. (Damned ICE agents, they deserve to die.)",synthetic_312,1
313,Violent Anti-Immigrant,Violent Anti-Immigrant Content,Hay que matar a esos cerdos de ICE. (We have to kill those ICE pigs.),synthetic_313,1
314,Anti-Immigrant,Anti-Immigrant Content,La migra es la Gestapo moderna; hay que eliminarlos a todos. (‚ÄúLa migra‚Äù (ICE) is the modern Gestapo; they must all be eliminated.),synthetic_314,1
315,Anti-Immigrant,Anti-Immigrant Content,Odio a ICE con toda mi alma; ojal√° se mueran todos. (I hate ICE with all my soul; I hope they all die.),synthetic_315,1
316,Anti-Immigrant,Anti-Immigrant Content,Cada agente de ICE merece una bala. (Each ICE agent deserves a bullet.),synthetic_316,1
